7263	Bell peppers, zucchinis & eggplants
7264	Eggs
7265	Broccoli, cauliflowers, carrots & radish
7266	Lunch & Deli Meats
7267	Potatoes
7268	Bananas, apples & pears
7269	Broccoli, cauliflowers, carrots & radish
7270	Fresh herbs
7271	Eggs
7272	Berries & cherries
7273	Cheese
7274	Pre-baked breads
7275	Berries & cherries
7276	Berries & cherries
7277	Cucumber, tomatoes & avocados
7278	Lunch & Deli Meats
7279	Bananas, apples & pears
7280	Salad & cress
7281	Bananas, apples & pears
7282	Cucumber, tomatoes & avocados
7283	Pork, beef & lamb
7284	Lunch & Deli Meats
7285	Lunch & Deli Meats
7286	Pre-baked breads
7287	Poultry
7288	Broccoli, cauliflowers, carrots & radish
7289	Minced meat & meatballs
7290	Citrus fruits
7291	Fresh herbs
7292	Eggs
7293	Bell peppers, zucchinis & eggplants
7294	Fresh bread
7295	Pre-baked breads
7296	Minced meat & meatballs
7297	Minced meat & meatballs
7298	Kiwis, grapes & mango
7299	Bell peppers, zucchinis & eggplants
7300	Minced meat & meatballs
7301	Potatoes
7302	Pre-baked breads
7303	Pre-baked breads
7304	Bananas, apples & pears
7305	Bananas, apples & pears
7306	Broccoli, cauliflowers, carrots & radish
7307	Bananas, apples & pears
7308	Bell peppers, zucchinis & eggplants
7309	Bananas, apples & pears
7310	Cucumber, tomatoes & avocados
7311	Bananas, apples & pears
7312	Minced meat & meatballs
7313	Lunch & Deli Meats
7314	Lunch & Deli Meats
7315	Citrus fruits
7316	Pudding, yogurt & quark
7317	Pudding, yogurt & quark
7318	Fish
7319	Bananas, apples & pears
7320	Pre-baked breads
7321	Milk
7322	Fresh herbs
